{
    "AFE": 1242693542929.85,
    "AFW": 736384961061.523,
    "ARB": 3735881442514.34,
    "CSS": 90344593407.0488,
    "CEB": 2462005273603.48,
    "EAR": 15808304487948.1,
    "EAS": 32017179839273,
    "EAP": 22260810771875.1,
    "TEA": 22233362919728.4,
    "EMU": 16485444160371,
    "ECS": 29291828957768.8,
    "ECA": 2451180144505.47,
    "TEC": 6131674441421.64,
    "EUU": 19497115588443.6,
    "FCS": 1652895518697.74,
    "HPC": 1145111349262.57,
    "IBD": 40930410371533.4,
    "IBT": 43823204664493.9,
    "IDB": 1117411942661.72,
    "IDX": 1775382350298.79,
    "IDA": 2892794292960.5,
    "LTE": 29979152245112.6,
    "LCN": 7110323254687.35,
    "LAC": 6168787362595.33,
    "TLA": 6776899040059.78,
    "LDC": 1536272727812.71,
    "LMY": 39397098753614.4,
    "MEA": 5094721946852.29,
    "MNA": 2203604227426.38,
    "TMN": 2189893127426.38,
    "MIC": 38925709373017.6,
    "NAC": 31003826557365,
    "OED": 67500141717526.4,
    "OSS": 208127281931.64,
    "PSS": 12124739862.5303,
    "PST": 62787810951925.4,
    "PRE": 1510802883684.15,
    "SST": 310642066645.913,
    "SAS": 4512296631866.32,
    "TSA": 4512296631866.31,
    "SSF": 1979078503991.37,
    "SSA": 1827170966475.93,
    "TSS": 1979078503991.37,
    "WLD": 110982661180013,
    "AFG": 17152234636.8715,
    "ALB": 27046429296.6673,
    "DZA": 269322281664.773,
    "ASM": 871000000,
    "AND": 4039842405.48117,
    "AGO": 100998916781.079,
    "ATG": 2207622874.07407,
    "ARG": 638365455340.04,
    "ARM": 25955275380.0321,
    "ABW": 4265650673.00236,
    "AUS": 1757022451652.83,
    "AUT": 534790720466.822,
    "AZE": 74315882352.9412,
    "BHS": 15832800000,
    "BHR": 47109734308.5106,
    "BGD": 450119432068.852,
    "BRB": 7498050000,
    "BLR": 75961865471.9129,
    "BEL": 671370081636.406,
    "BLZ": 3203631800,
    "BEN": 21482643706.4249,
    "BMU": 9233600000,
    "BTN": 3012896789.24928,
    "BOL": 54881327452.9667,
    "BIH": 29613572022.8993,
    "BWA": 19402063512.9066,
    "BRA": 2185821648943.86,
    "BRN": 15340808592.48,
    "BGR": 113343355779.985,
    "BFA": 23124729853.0218,
    "BDI": 3082433067.32634,
    "CPV": 2725414150.72735,
    "KHM": 46352647037.2406,
    "CMR": 53296694320.2057,
    "CAN": 2243636826633.76,
    "CYM": 7241244269.45972,
    "CAF": 2751494281.06887,
    "TCD": 19518819751.283,
    "CHI": 12507320838.3932,
    "CHL": 330267137371.592,
    "CHN": 18743803170827.2,
    "COL": 418818154879.271,
    "COM": 1440991455.45188,
    "COD": 70962185790.7094,
    "COG": 15719986076.6464,
    "CRI": 95350423176.5962,
    "CIV": 87113179149.284,
    "HRV": 92983810328.9088,
    "CUB": 107352000000,
    "CUW": 3561178196.20713,
    "CYP": 37634533331.8902,
    "CZE": 347034062928.479,
    "DNK": 424524722037.047,
    "DJI": 4152145939.98458,
    "DMA": 688881481.481481,
    "DOM": 124282245638.568,
    "ECU": 124676074700,
    "EGY": 389059911003.566,
    "SLV": 35364960000,
    "GNQ": 12765777677.0622,
    "ERI": 2065001626.01626,
    "EST": 43130419829.35,
    "SWZ": 4858885840.77236,
    "ETH": 149740297952.986,
    "FRO": 4052937169.76536,
    "FJI": 5968125909.27126,
    "FIN": 298696961297.656,
    "FRA": 3160442622465.08,
    "PYF": 6323716355.05009,
    "GAB": 20895684425.6752,
    "GMB": 2404888749.21907,
    "GEO": 34189423544.9955,
    "DEU": 4685592577804.69,
    "GHA": 82308110386.4641,
    "GRC": 256238371778.118,
    "GRL": 3326543974.39193,
    "GRD": 1371918518.51852,
    "GUM": 6910000000,
    "GTM": 113199581158.203,
    "GIN": 25008678293.4084,
    "GNB": 2218393804.54798,
    "GUY": 24662709832.1343,
    "HTI": 25224154990.7946,
    "HND": 37093565854.0437,
    "HKG": 406863396487.342,
    "HUN": 222722738925.641,
    "ISL": 33255181468.9382,
    "IND": 3909891533858.08,
    "IDN": 1396300098190.97,
    "IRN": 475252089215.416,
    "IRQ": 279641257615.385,
    "IRL": 609157459747.205,
    "IMN": 7431257410.92713,
    "ISR": 540379921261.681,
    "ITA": 2380825077243.59,
    "JAM": 22014397089.7689,
    "JPN": 4027597523550.58,
    "JOR": 53352289577.4648,
    "KAZ": 291480274648.826,
    "KEN": 120339557905.932,
    "KIR": 307862564.489711,
    "KOR": 1875388209406.8,
    "XKX": 11197246322.588,
    "KWT": 160227273053.334,
    "KGZ": 17478259659.2625,
    "LAO": 16502933121.3379,
    "LVA": 43684254432.3609,
    "LBN": 20078620356.9931,
    "LSO": 2271759454.51107,
    "LBR": 4779300900,
    "LBY": 48487151215.345,
    "LIE": 8239379403.22096,
    "LTU": 84869215513.3648,
    "LUX": 93279851863.4062,
    "MAC": 49467258923.3244,
    "MDG": 17420501490.1231,
    "MWI": 11316411329.4619,
    "MYS": 422227005428.688,
    "MDV": 7061608267.25451,
    "MLI": 26794747239.8805,
    "MLT": 24971574502.4475,
    "MHL": 290108489.990234,
    "MRT": 10908045686.8808,
    "MUS": 14937861786.17,
    "MEX": 1856365616165.94,
    "FSM": 471425099.488675,
    "MDA": 18200340853.6517,
    "MCO": 11125783372.4794,
    "MNG": 23794540024.5132,
    "MNE": 8270016670.86774,
    "MAR": 160610994054.734,
    "MOZ": 22745341305.0622,
    "MMR": 74068349523.8095,
    "NAM": 13372354511.716,
    "NRU": 162588620.632234,
    "NPL": 42914268286.7109,
    "NLD": 1214927698572.66,
    "NCL": 8548919387.12607,
    "NZL": 260172385097.616,
    "NIC": 19693982967.5926,
    "NER": 19876128485.7857,
    "NGA": 252261880141.151,
    "MKD": 16951682245.4202,
    "MNP": 1096000000,
    "NOR": 483592648313.301,
    "OMN": 107137198769.386,
    "PAK": 371570000121.266,
    "PLW": 276733062.744141,
    "PAN": 86523959131.7472,
    "PNG": 31800428265.5246,
    "PRY": 44458118397.4445,
    "PER": 289221969062.941,
    "PHL": 461617509782.355,
    "POL": 917767106146.761,
    "PRT": 313271185085.102,
    "PRI": 126029527033.705,
    "QAT": 219162637362.637,
    "ROU": 382564217988.866,
    "RUS": 2173835806671.66,
    "RWA": 14251642235.0968,
    "WSM": 1175749785.65113,
    "SMR": 2027527227.831,
    "STP": 822154621.088897,
    "SAU": 1239804533333.33,
    "SEN": 32808056600.9436,
    "SRB": 90097765959.1114,
    "SYC": 2167239562.46013,
    "SLE": 6971127235.3123,
    "SGP": 547386645891.847,
    "SXM": 1797836665.95136,
    "SVK": 140934076532.375,
    "SVN": 72972015197.3859,
    "SLB": 1583964703.75061,
    "SOM": 11967000000,
    "ZAF": 401144998373.585,
    "SSD": 11997800760.2242,
    "ESP": 1725671652742.19,
    "LKA": 98963185509.6499,
    "KNA": 1122388888.88889,
    "LCA": 2549062962.96296,
    "MAF": 649206262.847519,
    "VCT": 1157207407.40741,
    "SDN": 49672435513.1126,
    "SUR": 4416775112.09627,
    "SWE": 603715224265.798,
    "CHE": 936564198048.516,
    "SYR": 23622827079.5047,
    "TJK": 14204575548.5536,
    "TZA": 78844405385.2195,
    "THA": 526517658841.684,
    "TLS": 1865608515.41321,
    "TGO": 10651180146.531,
    "TON": 591139749.44287,
    "TTO": 25633544529.4849,
    "TUN": 51332285656.5422,
    "TUR": 1359123768774.12,
    "TKM": 51387209872.2994,
    "TCA": 1745378000,
    "TUV": 62280311.5852172,
    "UGA": 53911907086.1525,
    "UKR": 190741262414.705,
    "ARE": 552324846834.581,
    "GBR": 3686033044482.13,
    "USA": 28750956130731.2,
    "URY": 80961511073.5797,
    "UZB": 114965293466.611,
    "VUT": 1117972034.22642,
    "VEN": 119802963257.783,
    "VNM": 476388230307.175,
    "VIR": 4672000000,
    "PSE": 13711100000,
    "YEM": 21606160663.0318,
    "ZMB": 25303185342.2511,
    "ZWE": 41539411516.4448
}